﻿<?xml version="1.0" encoding="utf-8"?><DEFECTS><DEFECT>
    <SFA>
      <FILEPATH>c:\users\lenovo\source\repos\consoleapplication11_codec\consoleapplication11_codec</FILEPATH>
      <FILENAME>consoleapplication11_codec.cpp</FILENAME>
      <LINE>17</LINE>
      <COLUMN>28</COLUMN>
    </SFA>
    <DEFECTCODE>6031</DEFECTCODE>
    <DESCRIPTION>Rückgabewert wird ignoriert: "pow".</DESCRIPTION>
    <FUNCTION>sRGBtoLin2</FUNCTION>
    <DECORATED>?sRGBtoLin2@@YAMM@Z</DECORATED>
    <FUNCLINE>12</FUNCLINE>
    <PATH></PATH>
  </DEFECT><DEFECT>
    <SFA>
      <FILEPATH>c:\users\lenovo\source\repos\consoleapplication11_codec\consoleapplication11_codec</FILEPATH>
      <FILENAME>consoleapplication11_codec.cpp</FILENAME>
      <LINE>17</LINE>
      <COLUMN>44</COLUMN>
    </SFA>
    <DEFECTCODE>26451</DEFECTCODE>
    <DESCRIPTION>Arithmetic overflow: Using operator '*' on a 4 byte value and then casting the result to a 8 byte value. Cast the value to the wider type before calling operator '*' to avoid overflow (io.2).</DESCRIPTION>
    <FUNCTION>sRGBtoLin2</FUNCTION>
    <DECORATED>?sRGBtoLin2@@YAMM@Z</DECORATED>
    <FUNCLINE>12</FUNCLINE>
    <PATH></PATH>
  </DEFECT><DEFECT>
    <SFA>
      <FILEPATH>c:\users\lenovo\source\repos\consoleapplication11_codec\consoleapplication11_codec</FILEPATH>
      <FILENAME>consoleapplication11_codec.cpp</FILENAME>
      <LINE>24</LINE>
      <COLUMN>41</COLUMN>
    </SFA>
    <DEFECTCODE>26451</DEFECTCODE>
    <DESCRIPTION>Arithmetic overflow: Using operator '*' on a 4 byte value and then casting the result to a 8 byte value. Cast the value to the wider type before calling operator '*' to avoid overflow (io.2).</DESCRIPTION>
    <FUNCTION>sRGBtoLin2</FUNCTION>
    <DECORATED>?sRGBtoLin2@@YAMM@Z</DECORATED>
    <FUNCLINE>12</FUNCLINE>
    <PATH></PATH>
  </DEFECT><DEFECT>
    <SFA>
      <FILEPATH>c:\users\lenovo\source\repos\consoleapplication11_codec\consoleapplication11_codec</FILEPATH>
      <FILENAME>consoleapplication11_codec.cpp</FILENAME>
      <LINE>31</LINE>
      <COLUMN>27</COLUMN>
    </SFA>
    <DEFECTCODE>26451</DEFECTCODE>
    <DESCRIPTION>Arithmetic overflow: Using operator '*' on a 4 byte value and then casting the result to a 8 byte value. Cast the value to the wider type before calling operator '*' to avoid overflow (io.2).</DESCRIPTION>
    <FUNCTION>sRGBtoLin2</FUNCTION>
    <DECORATED>?sRGBtoLin2@@YAMM@Z</DECORATED>
    <FUNCLINE>12</FUNCLINE>
    <PATH></PATH>
  </DEFECT><DEFECT>
    <SFA>
      <FILEPATH>c:\users\lenovo\source\repos\consoleapplication11_codec\consoleapplication11_codec</FILEPATH>
      <FILENAME>consoleapplication11_codec.cpp</FILENAME>
      <LINE>1163</LINE>
      <COLUMN>34</COLUMN>
    </SFA>
    <DEFECTCODE>6308</DEFECTCODE>
    <DESCRIPTION>"realloc" gibt möglicherweise einen NULL-Zeiger zurück: Das Zuweisen eines NULL-Zeigers zu "unsigned char * buf_out", das als Argument an "realloc" übergeben wird, führt zu einem Verlust im ursprünglichen Speicherblock</DESCRIPTION>
    <FUNCTION>store_frame</FUNCTION>
    <DECORATED>?store_frame@@YAJPEAUIMFSample@@HHH@Z</DECORATED>
    <FUNCLINE>1138</FUNCLINE>
    <PATH></PATH>
  </DEFECT><DEFECT>
    <SFA>
      <FILEPATH>c:\users\lenovo\source\repos\consoleapplication11_codec\consoleapplication11_codec</FILEPATH>
      <FILENAME>consoleapplication11_codec.cpp</FILENAME>
      <LINE>1174</LINE>
      <COLUMN>9</COLUMN>
    </SFA>
    <DEFECTCODE>6385</DEFECTCODE>
    <DESCRIPTION>Lesen ungültiger Daten von "byteBuffer":  die lesbare Größe beträgt "buffMaxLen" Byte, es können jedoch "2" Byte gelesen werden.</DESCRIPTION>
    <FUNCTION>store_frame</FUNCTION>
    <DECORATED>?store_frame@@YAJPEAUIMFSample@@HHH@Z</DECORATED>
    <FUNCLINE>1138</FUNCLINE>
    <PROBABILITY>1</PROBABILITY>
    <RANK>4</RANK>
    <CATEGORY>
      <RULECATEGORY>mspft</RULECATEGORY>
    </CATEGORY>
    <PATH>
      <SFA>
        <FILEPATH>c:\users\lenovo\source\repos\consoleapplication11_codec\consoleapplication11_codec</FILEPATH>
        <FILENAME>consoleapplication11_codec.cpp</FILENAME>
        <LINE>1140</LINE>
        <COLUMN>11</COLUMN>
      </SFA>
      <SFA>
        <FILEPATH>c:\users\lenovo\source\repos\consoleapplication11_codec\consoleapplication11_codec</FILEPATH>
        <FILENAME>consoleapplication11_codec.cpp</FILENAME>
        <LINE>1141</LINE>
        <COLUMN>5</COLUMN>
        <KEYEVENT>
          <ID>1</ID>
          <KIND>verzweigen</KIND>
          <IMPORTANCE>Full</IMPORTANCE>
          <MESSAGE>Diese Verzweigung überspringen (Annahme: "skip_frame" ist false)</MESSAGE>
        </KEYEVENT>
      </SFA>
      <SFA>
        <FILEPATH>c:\users\lenovo\source\repos\consoleapplication11_codec\consoleapplication11_codec</FILEPATH>
        <FILENAME>consoleapplication11_codec.cpp</FILENAME>
        <LINE>1142</LINE>
        <COLUMN>12</COLUMN>
      </SFA>
      <SFA>
        <FILEPATH>c:\users\lenovo\source\repos\consoleapplication11_codec\consoleapplication11_codec</FILEPATH>
        <FILENAME>consoleapplication11_codec.cpp</FILENAME>
        <LINE>1143</LINE>
        <COLUMN>15</COLUMN>
      </SFA>
      <SFA>
        <FILEPATH>c:\users\lenovo\source\repos\consoleapplication11_codec\consoleapplication11_codec</FILEPATH>
        <FILENAME>consoleapplication11_codec.cpp</FILENAME>
        <LINE>1144</LINE>
        <COLUMN>7</COLUMN>
      </SFA>
      <SFA>
        <FILEPATH>c:\users\lenovo\source\repos\consoleapplication11_codec\consoleapplication11_codec</FILEPATH>
        <FILENAME>consoleapplication11_codec.cpp</FILENAME>
        <LINE>1146</LINE>
        <COLUMN>9</COLUMN>
      </SFA>
      <SFA>
        <FILEPATH>c:\users\lenovo\source\repos\consoleapplication11_codec\consoleapplication11_codec</FILEPATH>
        <FILENAME>consoleapplication11_codec.cpp</FILENAME>
        <LINE>1148</LINE>
        <COLUMN>4</COLUMN>
      </SFA>
      <SFA>
        <FILEPATH>c:\users\lenovo\source\repos\consoleapplication11_codec\consoleapplication11_codec</FILEPATH>
        <FILENAME>consoleapplication11_codec.cpp</FILENAME>
        <LINE>1149</LINE>
        <COLUMN>1</COLUMN>
        <KEYEVENT>
          <ID>2</ID>
          <KIND>verzweigen</KIND>
          <IMPORTANCE>Full</IMPORTANCE>
          <MESSAGE>Diese Verzweigung überspringen (Annahme: "hr!=S_OK" ist false)</MESSAGE>
        </KEYEVENT>
      </SFA>
      <SFA>
        <FILEPATH>c:\users\lenovo\source\repos\consoleapplication11_codec\consoleapplication11_codec</FILEPATH>
        <FILENAME>consoleapplication11_codec.cpp</FILENAME>
        <LINE>1151</LINE>
        <COLUMN>4</COLUMN>
      </SFA>
      <SFA>
        <FILEPATH>c:\users\lenovo\source\repos\consoleapplication11_codec\consoleapplication11_codec</FILEPATH>
        <FILENAME>consoleapplication11_codec.cpp</FILENAME>
        <LINE>1152</LINE>
        <COLUMN>1</COLUMN>
        <KEYEVENT>
          <ID>3</ID>
          <KIND>verzweigen</KIND>
          <IMPORTANCE>Full</IMPORTANCE>
          <MESSAGE>Diese Verzweigung überspringen (Annahme: "hr!=S_OK" ist false)</MESSAGE>
        </KEYEVENT>
      </SFA>
      <SFA>
        <FILEPATH>c:\users\lenovo\source\repos\consoleapplication11_codec\consoleapplication11_codec</FILEPATH>
        <FILENAME>consoleapplication11_codec.cpp</FILENAME>
        <LINE>1154</LINE>
        <COLUMN>7</COLUMN>
      </SFA>
      <SFA>
        <FILEPATH>c:\users\lenovo\source\repos\consoleapplication11_codec\consoleapplication11_codec</FILEPATH>
        <FILENAME>consoleapplication11_codec.cpp</FILENAME>
        <LINE>1155</LINE>
        <COLUMN>9</COLUMN>
      </SFA>
      <SFA>
        <FILEPATH>c:\users\lenovo\source\repos\consoleapplication11_codec\consoleapplication11_codec</FILEPATH>
        <FILENAME>consoleapplication11_codec.cpp</FILENAME>
        <LINE>1156</LINE>
        <COLUMN>16</COLUMN>
      </SFA>
      <SFA>
        <FILEPATH>c:\users\lenovo\source\repos\consoleapplication11_codec\consoleapplication11_codec</FILEPATH>
        <FILENAME>consoleapplication11_codec.cpp</FILENAME>
        <LINE>1157</LINE>
        <COLUMN>15</COLUMN>
      </SFA>
      <SFA>
        <FILEPATH>c:\users\lenovo\source\repos\consoleapplication11_codec\consoleapplication11_codec</FILEPATH>
        <FILENAME>consoleapplication11_codec.cpp</FILENAME>
        <LINE>1159</LINE>
        <COLUMN>12</COLUMN>
      </SFA>
      <SFA>
        <FILEPATH>c:\users\lenovo\source\repos\consoleapplication11_codec\consoleapplication11_codec</FILEPATH>
        <FILENAME>consoleapplication11_codec.cpp</FILENAME>
        <LINE>1160</LINE>
        <COLUMN>15</COLUMN>
      </SFA>
      <SFA>
        <FILEPATH>c:\users\lenovo\source\repos\consoleapplication11_codec\consoleapplication11_codec</FILEPATH>
        <FILENAME>consoleapplication11_codec.cpp</FILENAME>
        <LINE>1160</LINE>
        <COLUMN>31</COLUMN>
      </SFA>
      <SFA>
        <FILEPATH>c:\users\lenovo\source\repos\consoleapplication11_codec\consoleapplication11_codec</FILEPATH>
        <FILENAME>consoleapplication11_codec.cpp</FILENAME>
        <LINE>1161</LINE>
        <COLUMN>10</COLUMN>
      </SFA>
      <SFA>
        <FILEPATH>c:\users\lenovo\source\repos\consoleapplication11_codec\consoleapplication11_codec</FILEPATH>
        <FILENAME>consoleapplication11_codec.cpp</FILENAME>
        <LINE>1162</LINE>
        <COLUMN>14</COLUMN>
      </SFA>
      <SFA>
        <FILEPATH>c:\users\lenovo\source\repos\consoleapplication11_codec\consoleapplication11_codec</FILEPATH>
        <FILENAME>consoleapplication11_codec.cpp</FILENAME>
        <LINE>1163</LINE>
        <COLUMN>9</COLUMN>
      </SFA>
      <SFA>
        <FILEPATH>c:\users\lenovo\source\repos\consoleapplication11_codec\consoleapplication11_codec</FILEPATH>
        <FILENAME>consoleapplication11_codec.cpp</FILENAME>
        <LINE>1164</LINE>
        <COLUMN>5</COLUMN>
        <KEYEVENT>
          <ID>4</ID>
          <KIND>verzweigen</KIND>
          <IMPORTANCE>Full</IMPORTANCE>
          <MESSAGE>Diese Verzweigung überspringen (Annahme: "!buf_out" ist false)</MESSAGE>
        </KEYEVENT>
      </SFA>
      <SFA>
        <FILEPATH>c:\users\lenovo\source\repos\consoleapplication11_codec\consoleapplication11_codec</FILEPATH>
        <FILENAME>consoleapplication11_codec.cpp</FILENAME>
        <LINE>1165</LINE>
        <COLUMN>5</COLUMN>
      </SFA>
      <SFA>
        <FILEPATH>c:\users\lenovo\source\repos\consoleapplication11_codec\consoleapplication11_codec</FILEPATH>
        <FILENAME>consoleapplication11_codec.cpp</FILENAME>
        <LINE>1165</LINE>
        <COLUMN>8</COLUMN>
      </SFA>
      <SFA>
        <FILEPATH>c:\users\lenovo\source\repos\consoleapplication11_codec\consoleapplication11_codec</FILEPATH>
        <FILENAME>consoleapplication11_codec.cpp</FILENAME>
        <LINE>1166</LINE>
        <COLUMN>8</COLUMN>
      </SFA>
      <SFA>
        <FILEPATH>c:\users\lenovo\source\repos\consoleapplication11_codec\consoleapplication11_codec</FILEPATH>
        <FILENAME>consoleapplication11_codec.cpp</FILENAME>
        <LINE>1166</LINE>
        <COLUMN>15</COLUMN>
        <KEYEVENT>
          <ID>5</ID>
          <KIND>verzweigen</KIND>
          <IMPORTANCE>Full</IMPORTANCE>
          <MESSAGE>In diese Schleife eintreten (Annahme: "y&lt;64")</MESSAGE>
        </KEYEVENT>
      </SFA>
      <SFA>
        <FILEPATH>c:\users\lenovo\source\repos\consoleapplication11_codec\consoleapplication11_codec</FILEPATH>
        <FILENAME>consoleapplication11_codec.cpp</FILENAME>
        <LINE>1167</LINE>
        <COLUMN>9</COLUMN>
      </SFA>
      <SFA>
        <FILEPATH>c:\users\lenovo\source\repos\consoleapplication11_codec\consoleapplication11_codec</FILEPATH>
        <FILENAME>consoleapplication11_codec.cpp</FILENAME>
        <LINE>1167</LINE>
        <COLUMN>16</COLUMN>
        <KEYEVENT>
          <ID>6</ID>
          <KIND>verzweigen</KIND>
          <IMPORTANCE>Full</IMPORTANCE>
          <MESSAGE>In diese Schleife eintreten (Annahme: "x&lt;128")</MESSAGE>
        </KEYEVENT>
      </SFA>
      <SFA>
        <FILEPATH>c:\users\lenovo\source\repos\consoleapplication11_codec\consoleapplication11_codec</FILEPATH>
        <FILENAME>consoleapplication11_codec.cpp</FILENAME>
        <LINE>1169</LINE>
        <COLUMN>7</COLUMN>
      </SFA>
      <SFA>
        <FILEPATH>c:\users\lenovo\source\repos\consoleapplication11_codec\consoleapplication11_codec</FILEPATH>
        <FILENAME>consoleapplication11_codec.cpp</FILENAME>
        <LINE>1170</LINE>
        <COLUMN>7</COLUMN>
      </SFA>
      <SFA>
        <FILEPATH>c:\users\lenovo\source\repos\consoleapplication11_codec\consoleapplication11_codec</FILEPATH>
        <FILENAME>consoleapplication11_codec.cpp</FILENAME>
        <LINE>1171</LINE>
        <COLUMN>7</COLUMN>
      </SFA>
      <SFA>
        <FILEPATH>c:\users\lenovo\source\repos\consoleapplication11_codec\consoleapplication11_codec</FILEPATH>
        <FILENAME>consoleapplication11_codec.cpp</FILENAME>
        <LINE>1172</LINE>
        <COLUMN>5</COLUMN>
        <KEYEVENT>
          <ID>7</ID>
          <KIND>Deklaration</KIND>
          <IMPORTANCE>Essential</IMPORTANCE>
          <MESSAGE>"p" kann NULL sein.</MESSAGE>
        </KEYEVENT>
      </SFA>
      <SFA>
        <FILEPATH>c:\users\lenovo\source\repos\consoleapplication11_codec\consoleapplication11_codec</FILEPATH>
        <FILENAME>consoleapplication11_codec.cpp</FILENAME>
        <LINE>1174</LINE>
        <COLUMN>9</COLUMN>
        <KEYEVENT>
          <ID>8</ID>
          <KIND>Verwendung</KIND>
          <IMPORTANCE>Essential</IMPORTANCE>
          <MESSAGE>Ungültiger Lesevorgang von "byteBuffer" (außerhalb des lesbaren Bereichs)</MESSAGE>
        </KEYEVENT>
      </SFA>
    </PATH>
  </DEFECT><DEFECT>
    <SFA>
      <FILEPATH>c:\users\lenovo\source\repos\consoleapplication11_codec\consoleapplication11_codec</FILEPATH>
      <FILENAME>consoleapplication11_codec.cpp</FILENAME>
      <LINE>1163</LINE>
      <COLUMN>64</COLUMN>
    </SFA>
    <DEFECTCODE>26451</DEFECTCODE>
    <DESCRIPTION>Arithmetic overflow: Using operator '*' on a 4 byte value and then casting the result to a 8 byte value. Cast the value to the wider type before calling operator '*' to avoid overflow (io.2).</DESCRIPTION>
    <FUNCTION>store_frame</FUNCTION>
    <DECORATED>?store_frame@@YAJPEAUIMFSample@@HHH@Z</DECORATED>
    <FUNCLINE>1138</FUNCLINE>
    <PATH></PATH>
  </DEFECT><DEFECT>
    <SFA>
      <FILEPATH>c:\users\lenovo\source\repos\consoleapplication11_codec\consoleapplication11_codec</FILEPATH>
      <FILENAME>consoleapplication11_codec.cpp</FILENAME>
      <LINE>1163</LINE>
      <COLUMN>58</COLUMN>
    </SFA>
    <DEFECTCODE>26451</DEFECTCODE>
    <DESCRIPTION>Arithmetic overflow: Using operator '*' on a 4 byte value and then casting the result to a 8 byte value. Cast the value to the wider type before calling operator '*' to avoid overflow (io.2).</DESCRIPTION>
    <FUNCTION>store_frame</FUNCTION>
    <DECORATED>?store_frame@@YAJPEAUIMFSample@@HHH@Z</DECORATED>
    <FUNCLINE>1138</FUNCLINE>
    <PATH></PATH>
  </DEFECT><DEFECT>
    <SFA>
      <FILEPATH>c:\users\lenovo\source\repos\consoleapplication11_codec\consoleapplication11_codec</FILEPATH>
      <FILENAME>consoleapplication11_codec.cpp</FILENAME>
      <LINE>1357</LINE>
      <COLUMN>15</COLUMN>
    </SFA>
    <DEFECTCODE>6011</DEFECTCODE>
    <DESCRIPTION>Dereferenzierender NULL-Zeiger "hexStr". </DESCRIPTION>
    <FUNCTION>HexStr</FUNCTION>
    <DECORATED>?HexStr@@YAPEAEPEBE_K@Z</DECORATED>
    <FUNCLINE>1345</FUNCLINE>
    <PROBABILITY>1</PROBABILITY>
    <RANK>4</RANK>
    <CATEGORY>
      <RULECATEGORY>mspft</RULECATEGORY>
    </CATEGORY>
    <PATH>
      <SFA>
        <FILEPATH>c:\users\lenovo\source\repos\consoleapplication11_codec\consoleapplication11_codec</FILEPATH>
        <FILENAME>consoleapplication11_codec.cpp</FILENAME>
        <LINE>1348</LINE>
        <COLUMN>14</COLUMN>
        <KEYEVENT>
          <ID>1</ID>
          <KIND>Deklaration</KIND>
          <IMPORTANCE>Essential</IMPORTANCE>
          <MESSAGE>"hexStr" kann NULL sein.</MESSAGE>
        </KEYEVENT>
      </SFA>
      <SFA>
        <FILEPATH>c:\users\lenovo\source\repos\consoleapplication11_codec\consoleapplication11_codec</FILEPATH>
        <FILENAME>consoleapplication11_codec.cpp</FILENAME>
        <LINE>1350</LINE>
        <COLUMN>19</COLUMN>
      </SFA>
      <SFA>
        <FILEPATH>c:\users\lenovo\source\repos\consoleapplication11_codec\consoleapplication11_codec</FILEPATH>
        <FILENAME>consoleapplication11_codec.cpp</FILENAME>
        <LINE>1353</LINE>
        <COLUMN>5</COLUMN>
      </SFA>
      <SFA>
        <FILEPATH>c:\users\lenovo\source\repos\consoleapplication11_codec\consoleapplication11_codec</FILEPATH>
        <FILENAME>consoleapplication11_codec.cpp</FILENAME>
        <LINE>1354</LINE>
        <COLUMN>10</COLUMN>
      </SFA>
      <SFA>
        <FILEPATH>c:\users\lenovo\source\repos\consoleapplication11_codec\consoleapplication11_codec</FILEPATH>
        <FILENAME>consoleapplication11_codec.cpp</FILENAME>
        <LINE>1354</LINE>
        <COLUMN>19</COLUMN>
        <KEYEVENT>
          <ID>2</ID>
          <KIND>verzweigen</KIND>
          <IMPORTANCE>Full</IMPORTANCE>
          <MESSAGE>In diese Schleife eintreten (Annahme: "i&lt;length")</MESSAGE>
        </KEYEVENT>
      </SFA>
      <SFA>
        <FILEPATH>c:\users\lenovo\source\repos\consoleapplication11_codec\consoleapplication11_codec</FILEPATH>
        <FILENAME>consoleapplication11_codec.cpp</FILENAME>
        <LINE>1356</LINE>
        <COLUMN>16</COLUMN>
      </SFA>
      <SFA>
        <FILEPATH>c:\users\lenovo\source\repos\consoleapplication11_codec\consoleapplication11_codec</FILEPATH>
        <FILENAME>consoleapplication11_codec.cpp</FILENAME>
        <LINE>1357</LINE>
        <COLUMN>15</COLUMN>
        <KEYEVENT>
          <ID>3</ID>
          <KIND>Verwendung</KIND>
          <IMPORTANCE>Essential</IMPORTANCE>
          <MESSAGE>"hexStr" wird dereferenziert, kann jedoch weiterhin NULL sein.</MESSAGE>
        </KEYEVENT>
      </SFA>
    </PATH>
  </DEFECT><DEFECT>
    <SFA>
      <FILEPATH>c:\users\lenovo\source\repos\consoleapplication11_codec\consoleapplication11_codec</FILEPATH>
      <FILENAME>consoleapplication11_codec.cpp</FILENAME>
      <LINE>1430</LINE>
      <COLUMN>27</COLUMN>
    </SFA>
    <DEFECTCODE>6101</DEFECTCODE>
    <DESCRIPTION>Nicht initialisierter Speicher "*ppvObject" wird zurückgegeben. Ein erfolgreicher Pfad durch die Funktion legt den benannten _Out_-Parameter nicht fest. </DESCRIPTION>
    <FUNCTION>MediaEventHandler::QueryInterface</FUNCTION>
    <DECORATED>?QueryInterface@MediaEventHandler@@UEAAJAEBU_GUID@@PEAPEAX@Z</DECORATED>
    <FUNCLINE>1430</FUNCLINE>
    <PROBABILITY>1</PROBABILITY>
    <RANK>3</RANK>
    <CATEGORY>
      <RULECATEGORY>mspft</RULECATEGORY>
    </CATEGORY>
    <PATH>
      <SFA>
        <FILEPATH>c:\users\lenovo\source\repos\consoleapplication11_codec\consoleapplication11_codec</FILEPATH>
        <FILENAME>consoleapplication11_codec.cpp</FILENAME>
        <LINE>1430</LINE>
        <COLUMN>27</COLUMN>
        <KEYEVENT>
          <ID>1</ID>
          <KIND>Deklaration</KIND>
          <IMPORTANCE>Essential</IMPORTANCE>
          <MESSAGE>"*ppvObject" ist nicht initialisiert</MESSAGE>
        </KEYEVENT>
      </SFA>
      <SFA>
        <FILEPATH>c:\users\lenovo\source\repos\consoleapplication11_codec\consoleapplication11_codec</FILEPATH>
        <FILENAME>consoleapplication11_codec.cpp</FILENAME>
        <LINE>1434</LINE>
        <COLUMN>2</COLUMN>
      </SFA>
      <SFA>
        <FILEPATH>c:\users\lenovo\source\repos\consoleapplication11_codec\consoleapplication11_codec</FILEPATH>
        <FILENAME>consoleapplication11_codec.cpp</FILENAME>
        <LINE>1430</LINE>
        <COLUMN>27</COLUMN>
        <KEYEVENT>
          <ID>2</ID>
          <KIND>Verwendung</KIND>
          <IMPORTANCE>Essential</IMPORTANCE>
          <MESSAGE>"*ppvObject" ist ein _Out_-Parameter, der möglicherweise nicht zugewiesen wurde zu</MESSAGE>
        </KEYEVENT>
      </SFA>
    </PATH>
  </DEFECT><DEFECT>
    <SFA>
      <FILEPATH>c:\users\lenovo\source\repos\consoleapplication11_codec\consoleapplication11_codec</FILEPATH>
      <FILENAME>consoleapplication11_codec.cpp</FILENAME>
      <LINE>1471</LINE>
      <COLUMN>13</COLUMN>
    </SFA>
    <DEFECTCODE>6031</DEFECTCODE>
    <DESCRIPTION>Rückgabewert wird ignoriert: "CoInitialize".</DESCRIPTION>
    <FUNCTION>read_video</FUNCTION>
    <DECORATED>?read_video@@YAHPEAD@Z</DECORATED>
    <FUNCLINE>1466</FUNCLINE>
    <PATH></PATH>
  </DEFECT><DEFECT>
    <SFA>
      <FILEPATH>c:\users\lenovo\source\repos\consoleapplication11_codec\consoleapplication11_codec</FILEPATH>
      <FILENAME>consoleapplication11_codec.cpp</FILENAME>
      <LINE>2262</LINE>
      <COLUMN>34</COLUMN>
    </SFA>
    <DEFECTCODE>6308</DEFECTCODE>
    <DESCRIPTION>"realloc" gibt möglicherweise einen NULL-Zeiger zurück: Das Zuweisen eines NULL-Zeigers zu "unsigned char * buf_out", das als Argument an "realloc" übergeben wird, führt zu einem Verlust im ursprünglichen Speicherblock</DESCRIPTION>
    <FUNCTION>store_frame</FUNCTION>
    <DECORATED>?store_frame@@YAXPEAEHH@Z</DECORATED>
    <FUNCLINE>2259</FUNCLINE>
    <PATH></PATH>
  </DEFECT><DEFECT>
    <SFA>
      <FILEPATH>c:\users\lenovo\source\repos\consoleapplication11_codec\consoleapplication11_codec</FILEPATH>
      <FILENAME>consoleapplication11_codec.cpp</FILENAME>
      <LINE>2263</LINE>
      <COLUMN>35</COLUMN>
    </SFA>
    <DEFECTCODE>6308</DEFECTCODE>
    <DESCRIPTION>"realloc" gibt möglicherweise einen NULL-Zeiger zurück: Das Zuweisen eines NULL-Zeigers zu "unsigned char * buf_out2", das als Argument an "realloc" übergeben wird, führt zu einem Verlust im ursprünglichen Speicherblock</DESCRIPTION>
    <FUNCTION>store_frame</FUNCTION>
    <DECORATED>?store_frame@@YAXPEAEHH@Z</DECORATED>
    <FUNCLINE>2259</FUNCLINE>
    <PATH></PATH>
  </DEFECT><DEFECT>
    <SFA>
      <FILEPATH>c:\users\lenovo\source\repos\consoleapplication11_codec\consoleapplication11_codec</FILEPATH>
      <FILENAME>consoleapplication11_codec.cpp</FILENAME>
      <LINE>2262</LINE>
      <COLUMN>64</COLUMN>
    </SFA>
    <DEFECTCODE>26451</DEFECTCODE>
    <DESCRIPTION>Arithmetic overflow: Using operator '*' on a 4 byte value and then casting the result to a 8 byte value. Cast the value to the wider type before calling operator '*' to avoid overflow (io.2).</DESCRIPTION>
    <FUNCTION>store_frame</FUNCTION>
    <DECORATED>?store_frame@@YAXPEAEHH@Z</DECORATED>
    <FUNCLINE>2259</FUNCLINE>
    <PATH></PATH>
  </DEFECT><DEFECT>
    <SFA>
      <FILEPATH>c:\users\lenovo\source\repos\consoleapplication11_codec\consoleapplication11_codec</FILEPATH>
      <FILENAME>consoleapplication11_codec.cpp</FILENAME>
      <LINE>2262</LINE>
      <COLUMN>58</COLUMN>
    </SFA>
    <DEFECTCODE>26451</DEFECTCODE>
    <DESCRIPTION>Arithmetic overflow: Using operator '*' on a 4 byte value and then casting the result to a 8 byte value. Cast the value to the wider type before calling operator '*' to avoid overflow (io.2).</DESCRIPTION>
    <FUNCTION>store_frame</FUNCTION>
    <DECORATED>?store_frame@@YAXPEAEHH@Z</DECORATED>
    <FUNCLINE>2259</FUNCLINE>
    <PATH></PATH>
  </DEFECT><DEFECT>
    <SFA>
      <FILEPATH>c:\users\lenovo\source\repos\consoleapplication11_codec\consoleapplication11_codec</FILEPATH>
      <FILENAME>consoleapplication11_codec.cpp</FILENAME>
      <LINE>2263</LINE>
      <COLUMN>66</COLUMN>
    </SFA>
    <DEFECTCODE>26451</DEFECTCODE>
    <DESCRIPTION>Arithmetic overflow: Using operator '*' on a 4 byte value and then casting the result to a 8 byte value. Cast the value to the wider type before calling operator '*' to avoid overflow (io.2).</DESCRIPTION>
    <FUNCTION>store_frame</FUNCTION>
    <DECORATED>?store_frame@@YAXPEAEHH@Z</DECORATED>
    <FUNCLINE>2259</FUNCLINE>
    <PATH></PATH>
  </DEFECT><DEFECT>
    <SFA>
      <FILEPATH>c:\users\lenovo\source\repos\consoleapplication11_codec\consoleapplication11_codec</FILEPATH>
      <FILENAME>consoleapplication11_codec.cpp</FILENAME>
      <LINE>2263</LINE>
      <COLUMN>60</COLUMN>
    </SFA>
    <DEFECTCODE>26451</DEFECTCODE>
    <DESCRIPTION>Arithmetic overflow: Using operator '*' on a 4 byte value and then casting the result to a 8 byte value. Cast the value to the wider type before calling operator '*' to avoid overflow (io.2).</DESCRIPTION>
    <FUNCTION>store_frame</FUNCTION>
    <DECORATED>?store_frame@@YAXPEAEHH@Z</DECORATED>
    <FUNCLINE>2259</FUNCLINE>
    <PATH></PATH>
  </DEFECT><DEFECT>
    <SFA>
      <FILEPATH>c:\users\lenovo\source\repos\consoleapplication11_codec\consoleapplication11_codec</FILEPATH>
      <FILENAME>consoleapplication11_codec.cpp</FILENAME>
      <LINE>2303</LINE>
      <COLUMN>9</COLUMN>
    </SFA>
    <DEFECTCODE>6386</DEFECTCODE>
    <DESCRIPTION>Pufferüberlauf beim Schreiben nach "i_e":  die schreibbare Größe beträgt "(unsigned int)xr*yr*(unsigned int)3" Byte, es können jedoch "2" Byte geschrieben werden.</DESCRIPTION>
    <FUNCTION>display_img</FUNCTION>
    <DECORATED>?display_img@@YAXPEAEHHHHH@Z</DECORATED>
    <FUNCLINE>2295</FUNCLINE>
    <PROBABILITY>1</PROBABILITY>
    <RANK>4</RANK>
    <CATEGORY>
      <RULECATEGORY>mspft</RULECATEGORY>
    </CATEGORY>
    <PATH>
      <SFA>
        <FILEPATH>c:\users\lenovo\source\repos\consoleapplication11_codec\consoleapplication11_codec</FILEPATH>
        <FILENAME>consoleapplication11_codec.cpp</FILENAME>
        <LINE>2297</LINE>
        <COLUMN>15</COLUMN>
        <KEYEVENT>
          <ID>1</ID>
          <KIND>Deklaration</KIND>
          <IMPORTANCE>Essential</IMPORTANCE>
          <MESSAGE>"i_e" ist ein Array mit 0 Byte.</MESSAGE>
        </KEYEVENT>
      </SFA>
      <SFA>
        <FILEPATH>c:\users\lenovo\source\repos\consoleapplication11_codec\consoleapplication11_codec</FILEPATH>
        <FILENAME>consoleapplication11_codec.cpp</FILENAME>
        <LINE>2298</LINE>
        <COLUMN>5</COLUMN>
      </SFA>
      <SFA>
        <FILEPATH>c:\users\lenovo\source\repos\consoleapplication11_codec\consoleapplication11_codec</FILEPATH>
        <FILENAME>consoleapplication11_codec.cpp</FILENAME>
        <LINE>2298</LINE>
        <COLUMN>7</COLUMN>
      </SFA>
      <SFA>
        <FILEPATH>c:\users\lenovo\source\repos\consoleapplication11_codec\consoleapplication11_codec</FILEPATH>
        <FILENAME>consoleapplication11_codec.cpp</FILENAME>
        <LINE>2299</LINE>
        <COLUMN>8</COLUMN>
      </SFA>
      <SFA>
        <FILEPATH>c:\users\lenovo\source\repos\consoleapplication11_codec\consoleapplication11_codec</FILEPATH>
        <FILENAME>consoleapplication11_codec.cpp</FILENAME>
        <LINE>2299</LINE>
        <COLUMN>15</COLUMN>
        <KEYEVENT>
          <ID>2</ID>
          <KIND>verzweigen</KIND>
          <IMPORTANCE>Full</IMPORTANCE>
          <MESSAGE>In diese Schleife eintreten (Annahme: "i&lt;xr*yr")</MESSAGE>
        </KEYEVENT>
      </SFA>
      <SFA>
        <FILEPATH>c:\users\lenovo\source\repos\consoleapplication11_codec\consoleapplication11_codec</FILEPATH>
        <FILENAME>consoleapplication11_codec.cpp</FILENAME>
        <LINE>2301</LINE>
        <COLUMN>9</COLUMN>
      </SFA>
      <SFA>
        <FILEPATH>c:\users\lenovo\source\repos\consoleapplication11_codec\consoleapplication11_codec</FILEPATH>
        <FILENAME>consoleapplication11_codec.cpp</FILENAME>
        <LINE>2302</LINE>
        <COLUMN>3</COLUMN>
        <KEYEVENT>
          <ID>3</ID>
          <KIND>Deklaration</KIND>
          <IMPORTANCE>Essential</IMPORTANCE>
          <MESSAGE>"c" kann gleich 1 sein.</MESSAGE>
        </KEYEVENT>
      </SFA>
      <SFA>
        <FILEPATH>c:\users\lenovo\source\repos\consoleapplication11_codec\consoleapplication11_codec</FILEPATH>
        <FILENAME>consoleapplication11_codec.cpp</FILENAME>
        <LINE>2303</LINE>
        <COLUMN>9</COLUMN>
        <KEYEVENT>
          <ID>4</ID>
          <KIND>Verwendung</KIND>
          <IMPORTANCE>Essential</IMPORTANCE>
          <MESSAGE>Ungültiger Schreibvorgang nach "i_e" (außerhalb des schreibbaren Bereichs)</MESSAGE>
        </KEYEVENT>
      </SFA>
    </PATH>
  </DEFECT><DEFECT>
    <SFA>
      <FILEPATH>c:\users\lenovo\source\repos\consoleapplication11_codec\consoleapplication11_codec</FILEPATH>
      <FILENAME>consoleapplication11_codec.cpp</FILENAME>
      <LINE>2301</LINE>
      <COLUMN>9</COLUMN>
    </SFA>
    <DEFECTCODE>6011</DEFECTCODE>
    <DESCRIPTION>Dereferenzierender NULL-Zeiger "i_e". </DESCRIPTION>
    <FUNCTION>display_img</FUNCTION>
    <DECORATED>?display_img@@YAXPEAEHHHHH@Z</DECORATED>
    <FUNCLINE>2295</FUNCLINE>
    <PROBABILITY>1</PROBABILITY>
    <RANK>4</RANK>
    <CATEGORY>
      <RULECATEGORY>mspft</RULECATEGORY>
    </CATEGORY>
    <PATH>
      <SFA>
        <FILEPATH>c:\users\lenovo\source\repos\consoleapplication11_codec\consoleapplication11_codec</FILEPATH>
        <FILENAME>consoleapplication11_codec.cpp</FILENAME>
        <LINE>2297</LINE>
        <COLUMN>15</COLUMN>
        <KEYEVENT>
          <ID>1</ID>
          <KIND>Deklaration</KIND>
          <IMPORTANCE>Essential</IMPORTANCE>
          <MESSAGE>"i_e" kann NULL sein.</MESSAGE>
        </KEYEVENT>
      </SFA>
      <SFA>
        <FILEPATH>c:\users\lenovo\source\repos\consoleapplication11_codec\consoleapplication11_codec</FILEPATH>
        <FILENAME>consoleapplication11_codec.cpp</FILENAME>
        <LINE>2298</LINE>
        <COLUMN>5</COLUMN>
      </SFA>
      <SFA>
        <FILEPATH>c:\users\lenovo\source\repos\consoleapplication11_codec\consoleapplication11_codec</FILEPATH>
        <FILENAME>consoleapplication11_codec.cpp</FILENAME>
        <LINE>2298</LINE>
        <COLUMN>7</COLUMN>
      </SFA>
      <SFA>
        <FILEPATH>c:\users\lenovo\source\repos\consoleapplication11_codec\consoleapplication11_codec</FILEPATH>
        <FILENAME>consoleapplication11_codec.cpp</FILENAME>
        <LINE>2299</LINE>
        <COLUMN>8</COLUMN>
      </SFA>
      <SFA>
        <FILEPATH>c:\users\lenovo\source\repos\consoleapplication11_codec\consoleapplication11_codec</FILEPATH>
        <FILENAME>consoleapplication11_codec.cpp</FILENAME>
        <LINE>2299</LINE>
        <COLUMN>15</COLUMN>
        <KEYEVENT>
          <ID>2</ID>
          <KIND>verzweigen</KIND>
          <IMPORTANCE>Full</IMPORTANCE>
          <MESSAGE>In diese Schleife eintreten (Annahme: "i&lt;xr*yr")</MESSAGE>
        </KEYEVENT>
      </SFA>
      <SFA>
        <FILEPATH>c:\users\lenovo\source\repos\consoleapplication11_codec\consoleapplication11_codec</FILEPATH>
        <FILENAME>consoleapplication11_codec.cpp</FILENAME>
        <LINE>2301</LINE>
        <COLUMN>9</COLUMN>
        <KEYEVENT>
          <ID>3</ID>
          <KIND>Verwendung</KIND>
          <IMPORTANCE>Essential</IMPORTANCE>
          <MESSAGE>"i_e" wird dereferenziert, kann jedoch weiterhin NULL sein.</MESSAGE>
        </KEYEVENT>
      </SFA>
    </PATH>
  </DEFECT><DEFECT>
    <SFA>
      <FILEPATH>c:\users\lenovo\source\repos\consoleapplication11_codec\consoleapplication11_codec</FILEPATH>
      <FILENAME>consoleapplication11_codec.cpp</FILENAME>
      <LINE>2297</LINE>
      <COLUMN>51</COLUMN>
    </SFA>
    <DEFECTCODE>26451</DEFECTCODE>
    <DESCRIPTION>Arithmetic overflow: Using operator '*' on a 4 byte value and then casting the result to a 8 byte value. Cast the value to the wider type before calling operator '*' to avoid overflow (io.2).</DESCRIPTION>
    <FUNCTION>display_img</FUNCTION>
    <DECORATED>?display_img@@YAXPEAEHHHHH@Z</DECORATED>
    <FUNCLINE>2295</FUNCLINE>
    <PATH></PATH>
  </DEFECT><DEFECT>
    <SFA>
      <FILEPATH>c:\users\lenovo\source\repos\consoleapplication11_codec\consoleapplication11_codec</FILEPATH>
      <FILENAME>consoleapplication11_codec.cpp</FILENAME>
      <LINE>2297</LINE>
      <COLUMN>47</COLUMN>
    </SFA>
    <DEFECTCODE>26451</DEFECTCODE>
    <DESCRIPTION>Arithmetic overflow: Using operator '*' on a 4 byte value and then casting the result to a 8 byte value. Cast the value to the wider type before calling operator '*' to avoid overflow (io.2).</DESCRIPTION>
    <FUNCTION>display_img</FUNCTION>
    <DECORATED>?display_img@@YAXPEAEHHHHH@Z</DECORATED>
    <FUNCLINE>2295</FUNCLINE>
    <PATH></PATH>
  </DEFECT><DEFECT>
    <SFA>
      <FILEPATH>c:\users\lenovo\source\repos\consoleapplication11_codec\consoleapplication11_codec</FILEPATH>
      <FILENAME>consoleapplication11_codec.cpp</FILENAME>
      <LINE>2521</LINE>
      <COLUMN>51</COLUMN>
    </SFA>
    <DEFECTCODE>26451</DEFECTCODE>
    <DESCRIPTION>Arithmetic overflow: Using operator '*' on a 4 byte value and then casting the result to a 8 byte value. Cast the value to the wider type before calling operator '*' to avoid overflow (io.2).</DESCRIPTION>
    <FUNCTION>vq::distance</FUNCTION>
    <DECORATED>?distance@vq@@QEAANPEAE@Z</DECORATED>
    <FUNCLINE>2517</FUNCLINE>
    <PATH></PATH>
  </DEFECT><DEFECT>
    <SFA>
      <FILEPATH>c:\users\lenovo\source\repos\consoleapplication11_codec\consoleapplication11_codec</FILEPATH>
      <FILENAME>consoleapplication11_codec.cpp</FILENAME>
      <LINE>2521</LINE>
      <COLUMN>40</COLUMN>
    </SFA>
    <DEFECTCODE>26451</DEFECTCODE>
    <DESCRIPTION>Arithmetic overflow: Using operator '-' on a 4 byte value and then casting the result to a 8 byte value. Cast the value to the wider type before calling operator '-' to avoid overflow (io.2).</DESCRIPTION>
    <FUNCTION>vq::distance</FUNCTION>
    <DECORATED>?distance@vq@@QEAANPEAE@Z</DECORATED>
    <FUNCLINE>2517</FUNCLINE>
    <PATH></PATH>
  </DEFECT><DEFECT>
    <SFA>
      <FILEPATH>c:\users\lenovo\source\repos\consoleapplication11_codec\consoleapplication11_codec</FILEPATH>
      <FILENAME>consoleapplication11_codec.cpp</FILENAME>
      <LINE>2763</LINE>
      <COLUMN>5</COLUMN>
    </SFA>
    <DEFECTCODE>6262</DEFECTCODE>
    <DESCRIPTION>Die Funktion verwendet "33420" Bytes vom Stapel und überschreitet /analyze:stacksize "16384". Verschieben Sie einige Daten auf den Heap.</DESCRIPTION>
    <FUNCTION>Compress_Chunk</FUNCTION>
    <DECORATED>?Compress_Chunk@@YAXPEAEHH@Z</DECORATED>
    <FUNCLINE>2763</FUNCLINE>
    <PATH></PATH>
  </DEFECT><DEFECT>
    <SFA>
      <FILEPATH>c:\users\lenovo\source\repos\consoleapplication11_codec\consoleapplication11_codec</FILEPATH>
      <FILENAME>consoleapplication11_codec.cpp</FILENAME>
      <LINE>2866</LINE>
      <COLUMN>16</COLUMN>
    </SFA>
    <DEFECTCODE>6387</DEFECTCODE>
    <DESCRIPTION>"hwndGoto" könnte "0" sein:  dies entspricht nicht der Spezifikation für Funktion "SetDlgItemTextA". </DESCRIPTION>
    <FUNCTION>Compress_Chunk</FUNCTION>
    <DECORATED>?Compress_Chunk@@YAXPEAEHH@Z</DECORATED>
    <FUNCLINE>2763</FUNCLINE>
    <PROBABILITY>1</PROBABILITY>
    <RANK>4</RANK>
    <CATEGORY>
      <RULECATEGORY>mspft</RULECATEGORY>
    </CATEGORY>
    <PATH>
      <SFA>
        <FILEPATH>c:\users\lenovo\source\repos\consoleapplication11_codec\consoleapplication11_codec</FILEPATH>
        <FILENAME>consoleapplication11_codec.cpp</FILENAME>
        <LINE>2766</LINE>
        <COLUMN>11</COLUMN>
      </SFA>
      <SFA>
        <FILEPATH>c:\users\lenovo\source\repos\consoleapplication11_codec\consoleapplication11_codec</FILEPATH>
        <FILENAME>consoleapplication11_codec.cpp</FILENAME>
        <LINE>2767</LINE>
        <COLUMN>12</COLUMN>
      </SFA>
      <SFA>
        <FILEPATH>c:\users\lenovo\source\repos\consoleapplication11_codec\consoleapplication11_codec</FILEPATH>
        <FILENAME>consoleapplication11_codec.cpp</FILENAME>
        <LINE>2768</LINE>
        <COLUMN>11</COLUMN>
      </SFA>
      <SFA>
        <FILEPATH>c:\users\lenovo\source\repos\consoleapplication11_codec\consoleapplication11_codec</FILEPATH>
        <FILENAME>consoleapplication11_codec.cpp</FILENAME>
        <LINE>2769</LINE>
        <COLUMN>5</COLUMN>
      </SFA>
      <SFA>
        <FILEPATH>c:\users\lenovo\source\repos\consoleapplication11_codec\consoleapplication11_codec</FILEPATH>
        <FILENAME>consoleapplication11_codec.cpp</FILENAME>
        <LINE>2769</LINE>
        <COLUMN>8</COLUMN>
      </SFA>
      <SFA>
        <FILEPATH>c:\users\lenovo\source\repos\consoleapplication11_codec\consoleapplication11_codec</FILEPATH>
        <FILENAME>consoleapplication11_codec.cpp</FILENAME>
        <LINE>2769</LINE>
        <COLUMN>11</COLUMN>
      </SFA>
      <SFA>
        <FILEPATH>c:\users\lenovo\source\repos\consoleapplication11_codec\consoleapplication11_codec</FILEPATH>
        <FILENAME>consoleapplication11_codec.cpp</FILENAME>
        <LINE>2769</LINE>
        <COLUMN>14</COLUMN>
      </SFA>
      <SFA>
        <FILEPATH>c:\users\lenovo\source\repos\consoleapplication11_codec\consoleapplication11_codec</FILEPATH>
        <FILENAME>consoleapplication11_codec.cpp</FILENAME>
        <LINE>2770</LINE>
        <COLUMN>6</COLUMN>
      </SFA>
      <SFA>
        <FILEPATH>c:\users\lenovo\source\repos\consoleapplication11_codec\consoleapplication11_codec</FILEPATH>
        <FILENAME>consoleapplication11_codec.cpp</FILENAME>
        <LINE>2772</LINE>
        <COLUMN>5</COLUMN>
      </SFA>
      <SFA>
        <FILEPATH>c:\users\lenovo\source\repos\consoleapplication11_codec\consoleapplication11_codec</FILEPATH>
        <FILENAME>consoleapplication11_codec.cpp</FILENAME>
        <LINE>2773</LINE>
        <COLUMN>8</COLUMN>
      </SFA>
      <SFA>
        <FILEPATH>c:\users\lenovo\source\repos\consoleapplication11_codec\consoleapplication11_codec</FILEPATH>
        <FILENAME>consoleapplication11_codec.cpp</FILENAME>
        <LINE>2774</LINE>
        <COLUMN>7</COLUMN>
      </SFA>
      <SFA>
        <FILEPATH>c:\users\lenovo\source\repos\consoleapplication11_codec\consoleapplication11_codec</FILEPATH>
        <FILENAME>consoleapplication11_codec.cpp</FILENAME>
        <LINE>2775</LINE>
        <COLUMN>7</COLUMN>
      </SFA>
      <SFA>
        <FILEPATH>c:\users\lenovo\source\repos\consoleapplication11_codec\consoleapplication11_codec</FILEPATH>
        <FILENAME>consoleapplication11_codec.cpp</FILENAME>
        <LINE>2776</LINE>
        <COLUMN>7</COLUMN>
      </SFA>
      <SFA>
        <FILEPATH>c:\users\lenovo\source\repos\consoleapplication11_codec\consoleapplication11_codec</FILEPATH>
        <FILENAME>consoleapplication11_codec.cpp</FILENAME>
        <LINE>2777</LINE>
        <COLUMN>5</COLUMN>
      </SFA>
      <SFA>
        <FILEPATH>c:\users\lenovo\source\repos\consoleapplication11_codec\consoleapplication11_codec</FILEPATH>
        <FILENAME>consoleapplication11_codec.cpp</FILENAME>
        <LINE>2778</LINE>
        <COLUMN>6</COLUMN>
      </SFA>
      <SFA>
        <FILEPATH>c:\users\lenovo\source\repos\consoleapplication11_codec\consoleapplication11_codec</FILEPATH>
        <FILENAME>consoleapplication11_codec.cpp</FILENAME>
        <LINE>2779</LINE>
        <COLUMN>1</COLUMN>
      </SFA>
      <SFA>
        <FILEPATH>c:\users\lenovo\source\repos\consoleapplication11_codec\consoleapplication11_codec</FILEPATH>
        <FILENAME>consoleapplication11_codec.cpp</FILENAME>
        <LINE>2782</LINE>
        <COLUMN>7</COLUMN>
      </SFA>
      <SFA>
        <FILEPATH>c:\users\lenovo\source\repos\consoleapplication11_codec\consoleapplication11_codec</FILEPATH>
        <FILENAME>consoleapplication11_codec.cpp</FILENAME>
        <LINE>2784</LINE>
        <COLUMN>9</COLUMN>
      </SFA>
      <SFA>
        <FILEPATH>c:\users\lenovo\source\repos\consoleapplication11_codec\consoleapplication11_codec</FILEPATH>
        <FILENAME>consoleapplication11_codec.cpp</FILENAME>
        <LINE>2786</LINE>
        <COLUMN>15</COLUMN>
      </SFA>
      <SFA>
        <FILEPATH>c:\users\lenovo\source\repos\consoleapplication11_codec\consoleapplication11_codec</FILEPATH>
        <FILENAME>consoleapplication11_codec.cpp</FILENAME>
        <LINE>2787</LINE>
        <COLUMN>6</COLUMN>
      </SFA>
      <SFA>
        <FILEPATH>c:\users\lenovo\source\repos\consoleapplication11_codec\consoleapplication11_codec</FILEPATH>
        <FILENAME>consoleapplication11_codec.cpp</FILENAME>
        <LINE>2788</LINE>
        <COLUMN>11</COLUMN>
      </SFA>
      <SFA>
        <FILEPATH>c:\users\lenovo\source\repos\consoleapplication11_codec\consoleapplication11_codec</FILEPATH>
        <FILENAME>consoleapplication11_codec.cpp</FILENAME>
        <LINE>2788</LINE>
        <COLUMN>20</COLUMN>
      </SFA>
      <SFA>
        <FILEPATH>c:\users\lenovo\source\repos\consoleapplication11_codec\consoleapplication11_codec</FILEPATH>
        <FILENAME>consoleapplication11_codec.cpp</FILENAME>
        <LINE>2792</LINE>
        <COLUMN>17</COLUMN>
      </SFA>
      <SFA>
        <FILEPATH>c:\users\lenovo\source\repos\consoleapplication11_codec\consoleapplication11_codec</FILEPATH>
        <FILENAME>consoleapplication11_codec.cpp</FILENAME>
        <LINE>2794</LINE>
        <COLUMN>17</COLUMN>
      </SFA>
      <SFA>
        <FILEPATH>c:\users\lenovo\source\repos\consoleapplication11_codec\consoleapplication11_codec</FILEPATH>
        <FILENAME>consoleapplication11_codec.cpp</FILENAME>
        <LINE>2795</LINE>
        <COLUMN>9</COLUMN>
      </SFA>
      <SFA>
        <FILEPATH>c:\users\lenovo\source\repos\consoleapplication11_codec\consoleapplication11_codec</FILEPATH>
        <FILENAME>consoleapplication11_codec.cpp</FILENAME>
        <LINE>2797</LINE>
        <COLUMN>11</COLUMN>
      </SFA>
      <SFA>
        <FILEPATH>c:\users\lenovo\source\repos\consoleapplication11_codec\consoleapplication11_codec</FILEPATH>
        <FILENAME>consoleapplication11_codec.cpp</FILENAME>
        <LINE>2799</LINE>
        <COLUMN>10</COLUMN>
      </SFA>
      <SFA>
        <FILEPATH>c:\users\lenovo\source\repos\consoleapplication11_codec\consoleapplication11_codec</FILEPATH>
        <FILENAME>consoleapplication11_codec.cpp</FILENAME>
        <LINE>2799</LINE>
        <COLUMN>17</COLUMN>
      </SFA>
      <SFA>
        <FILEPATH>c:\users\lenovo\source\repos\consoleapplication11_codec\consoleapplication11_codec</FILEPATH>
        <FILENAME>consoleapplication11_codec.cpp</FILENAME>
        <LINE>2800</LINE>
        <COLUMN>11</COLUMN>
      </SFA>
      <SFA>
        <FILEPATH>c:\users\lenovo\source\repos\consoleapplication11_codec\consoleapplication11_codec</FILEPATH>
        <FILENAME>consoleapplication11_codec.cpp</FILENAME>
        <LINE>2800</LINE>
        <COLUMN>18</COLUMN>
      </SFA>
      <SFA>
        <FILEPATH>c:\users\lenovo\source\repos\consoleapplication11_codec\consoleapplication11_codec</FILEPATH>
        <FILENAME>consoleapplication11_codec.cpp</FILENAME>
        <LINE>2799</LINE>
        <COLUMN>25</COLUMN>
      </SFA>
      <SFA>
        <FILEPATH>c:\users\lenovo\source\repos\consoleapplication11_codec\consoleapplication11_codec</FILEPATH>
        <FILENAME>consoleapplication11_codec.cpp</FILENAME>
        <LINE>2799</LINE>
        <COLUMN>17</COLUMN>
      </SFA>
      <SFA>
        <FILEPATH>c:\users\lenovo\source\repos\consoleapplication11_codec\consoleapplication11_codec</FILEPATH>
        <FILENAME>consoleapplication11_codec.cpp</FILENAME>
        <LINE>2800</LINE>
        <COLUMN>11</COLUMN>
      </SFA>
      <SFA>
        <FILEPATH>c:\users\lenovo\source\repos\consoleapplication11_codec\consoleapplication11_codec</FILEPATH>
        <FILENAME>consoleapplication11_codec.cpp</FILENAME>
        <LINE>2800</LINE>
        <COLUMN>18</COLUMN>
      </SFA>
      <SFA>
        <FILEPATH>c:\users\lenovo\source\repos\consoleapplication11_codec\consoleapplication11_codec</FILEPATH>
        <FILENAME>consoleapplication11_codec.cpp</FILENAME>
        <LINE>2799</LINE>
        <COLUMN>25</COLUMN>
      </SFA>
      <SFA>
        <FILEPATH>c:\users\lenovo\source\repos\consoleapplication11_codec\consoleapplication11_codec</FILEPATH>
        <FILENAME>consoleapplication11_codec.cpp</FILENAME>
        <LINE>2799</LINE>
        <COLUMN>17</COLUMN>
      </SFA>
      <SFA>
        <FILEPATH>c:\users\lenovo\source\repos\consoleapplication11_codec\consoleapplication11_codec</FILEPATH>
        <FILENAME>consoleapplication11_codec.cpp</FILENAME>
        <LINE>2816</LINE>
        <COLUMN>10</COLUMN>
      </SFA>
      <SFA>
        <FILEPATH>c:\users\lenovo\source\repos\consoleapplication11_codec\consoleapplication11_codec</FILEPATH>
        <FILENAME>consoleapplication11_codec.cpp</FILENAME>
        <LINE>2788</LINE>
        <COLUMN>39</COLUMN>
      </SFA>
      <SFA>
        <FILEPATH>c:\users\lenovo\source\repos\consoleapplication11_codec\consoleapplication11_codec</FILEPATH>
        <FILENAME>consoleapplication11_codec.cpp</FILENAME>
        <LINE>2788</LINE>
        <COLUMN>20</COLUMN>
      </SFA>
      <SFA>
        <FILEPATH>c:\users\lenovo\source\repos\consoleapplication11_codec\consoleapplication11_codec</FILEPATH>
        <FILENAME>consoleapplication11_codec.cpp</FILENAME>
        <LINE>2792</LINE>
        <COLUMN>17</COLUMN>
      </SFA>
      <SFA>
        <FILEPATH>c:\users\lenovo\source\repos\consoleapplication11_codec\consoleapplication11_codec</FILEPATH>
        <FILENAME>consoleapplication11_codec.cpp</FILENAME>
        <LINE>2794</LINE>
        <COLUMN>17</COLUMN>
      </SFA>
      <SFA>
        <FILEPATH>c:\users\lenovo\source\repos\consoleapplication11_codec\consoleapplication11_codec</FILEPATH>
        <FILENAME>consoleapplication11_codec.cpp</FILENAME>
        <LINE>2795</LINE>
        <COLUMN>9</COLUMN>
      </SFA>
      <SFA>
        <FILEPATH>c:\users\lenovo\source\repos\consoleapplication11_codec\consoleapplication11_codec</FILEPATH>
        <FILENAME>consoleapplication11_codec.cpp</FILENAME>
        <LINE>2797</LINE>
        <COLUMN>11</COLUMN>
      </SFA>
      <SFA>
        <FILEPATH>c:\users\lenovo\source\repos\consoleapplication11_codec\consoleapplication11_codec</FILEPATH>
        <FILENAME>consoleapplication11_codec.cpp</FILENAME>
        <LINE>2799</LINE>
        <COLUMN>10</COLUMN>
      </SFA>
      <SFA>
        <FILEPATH>c:\users\lenovo\source\repos\consoleapplication11_codec\consoleapplication11_codec</FILEPATH>
        <FILENAME>consoleapplication11_codec.cpp</FILENAME>
        <LINE>2799</LINE>
        <COLUMN>17</COLUMN>
      </SFA>
      <SFA>
        <FILEPATH>c:\users\lenovo\source\repos\consoleapplication11_codec\consoleapplication11_codec</FILEPATH>
        <FILENAME>consoleapplication11_codec.cpp</FILENAME>
        <LINE>2816</LINE>
        <COLUMN>10</COLUMN>
      </SFA>
      <SFA>
        <FILEPATH>c:\users\lenovo\source\repos\consoleapplication11_codec\consoleapplication11_codec</FILEPATH>
        <FILENAME>consoleapplication11_codec.cpp</FILENAME>
        <LINE>2816</LINE>
        <COLUMN>32</COLUMN>
        <KEYEVENT>
          <ID>1</ID>
          <KIND>Deklaration</KIND>
          <IMPORTANCE>Essential</IMPORTANCE>
          <MESSAGE>"hwndGoto" kann NULL sein.</MESSAGE>
        </KEYEVENT>
      </SFA>
      <SFA>
        <FILEPATH>c:\users\lenovo\source\repos\consoleapplication11_codec\consoleapplication11_codec</FILEPATH>
        <FILENAME>consoleapplication11_codec.cpp</FILENAME>
        <LINE>2788</LINE>
        <COLUMN>39</COLUMN>
      </SFA>
      <SFA>
        <FILEPATH>c:\users\lenovo\source\repos\consoleapplication11_codec\consoleapplication11_codec</FILEPATH>
        <FILENAME>consoleapplication11_codec.cpp</FILENAME>
        <LINE>2788</LINE>
        <COLUMN>20</COLUMN>
        <KEYEVENT>
          <ID>2</ID>
          <KIND>verzweigen</KIND>
          <IMPORTANCE>Full</IMPORTANCE>
          <MESSAGE>Diese Schleife beenden ("frc&lt;frames_chunk" ist false)</MESSAGE>
        </KEYEVENT>
      </SFA>
      <SFA>
        <FILEPATH>c:\users\lenovo\source\repos\consoleapplication11_codec\consoleapplication11_codec</FILEPATH>
        <FILENAME>consoleapplication11_codec.cpp</FILENAME>
        <LINE>2820</LINE>
        <COLUMN>6</COLUMN>
        <KEYEVENT>
          <ID>3</ID>
          <KIND>verzweigen</KIND>
          <IMPORTANCE>Full</IMPORTANCE>
          <MESSAGE>Diese Verzweigung überspringen (Annahme: "dump" ist false)</MESSAGE>
        </KEYEVENT>
      </SFA>
      <SFA>
        <FILEPATH>c:\users\lenovo\source\repos\consoleapplication11_codec\consoleapplication11_codec</FILEPATH>
        <FILENAME>consoleapplication11_codec.cpp</FILENAME>
        <LINE>2833</LINE>
        <COLUMN>9</COLUMN>
      </SFA>
      <SFA>
        <FILEPATH>c:\users\lenovo\source\repos\consoleapplication11_codec\consoleapplication11_codec</FILEPATH>
        <FILENAME>consoleapplication11_codec.cpp</FILENAME>
        <LINE>2834</LINE>
        <COLUMN>6</COLUMN>
      </SFA>
      <SFA>
        <FILEPATH>c:\users\lenovo\source\repos\consoleapplication11_codec\consoleapplication11_codec</FILEPATH>
        <FILENAME>consoleapplication11_codec.cpp</FILENAME>
        <LINE>2836</LINE>
        <COLUMN>9</COLUMN>
      </SFA>
      <SFA>
        <FILEPATH>c:\users\lenovo\source\repos\consoleapplication11_codec\consoleapplication11_codec</FILEPATH>
        <FILENAME>consoleapplication11_codec.cpp</FILENAME>
        <LINE>2836</LINE>
        <COLUMN>16</COLUMN>
        <KEYEVENT>
          <ID>4</ID>
          <KIND>verzweigen</KIND>
          <IMPORTANCE>Full</IMPORTANCE>
          <MESSAGE>In diese Schleife eintreten (Annahme: "i&lt;vq_nr")</MESSAGE>
        </KEYEVENT>
      </SFA>
      <SFA>
        <FILEPATH>c:\users\lenovo\source\repos\consoleapplication11_codec\consoleapplication11_codec</FILEPATH>
        <FILENAME>consoleapplication11_codec.cpp</FILENAME>
        <LINE>2836</LINE>
        <COLUMN>37</COLUMN>
        <KEYEVENT>
          <ID>5</ID>
          <KIND>verzweigen</KIND>
          <IMPORTANCE>Full</IMPORTANCE>
          <MESSAGE>Diese Verzweigung überspringen (Annahme: "v[i].usage" ist false)</MESSAGE>
        </KEYEVENT>
      </SFA>
      <SFA>
        <FILEPATH>c:\users\lenovo\source\repos\consoleapplication11_codec\consoleapplication11_codec</FILEPATH>
        <FILENAME>consoleapplication11_codec.cpp</FILENAME>
        <LINE>2836</LINE>
        <COLUMN>26</COLUMN>
      </SFA>
      <SFA>
        <FILEPATH>c:\users\lenovo\source\repos\consoleapplication11_codec\consoleapplication11_codec</FILEPATH>
        <FILENAME>consoleapplication11_codec.cpp</FILENAME>
        <LINE>2836</LINE>
        <COLUMN>16</COLUMN>
        <KEYEVENT>
          <ID>6</ID>
          <KIND>verzweigen</KIND>
          <IMPORTANCE>Full</IMPORTANCE>
          <MESSAGE>Diese Schleife beenden ("i&lt;vq_nr" ist false)</MESSAGE>
        </KEYEVENT>
      </SFA>
      <SFA>
        <FILEPATH>c:\users\lenovo\source\repos\consoleapplication11_codec\consoleapplication11_codec</FILEPATH>
        <FILENAME>consoleapplication11_codec.cpp</FILENAME>
        <LINE>2843</LINE>
        <COLUMN>12</COLUMN>
        <KEYEVENT>
          <ID>7</ID>
          <KIND>verzweigen</KIND>
          <IMPORTANCE>Full</IMPORTANCE>
          <MESSAGE>In diese Verzweigung eintreten (Annahme: "vq_nr&lt;128/2-1")</MESSAGE>
        </KEYEVENT>
      </SFA>
      <SFA>
        <FILEPATH>c:\users\lenovo\source\repos\consoleapplication11_codec\consoleapplication11_codec</FILEPATH>
        <FILENAME>consoleapplication11_codec.cpp</FILENAME>
        <LINE>2844</LINE>
        <COLUMN>10</COLUMN>
      </SFA>
      <SFA>
        <FILEPATH>c:\users\lenovo\source\repos\consoleapplication11_codec\consoleapplication11_codec</FILEPATH>
        <FILENAME>consoleapplication11_codec.cpp</FILENAME>
        <LINE>2844</LINE>
        <COLUMN>21</COLUMN>
      </SFA>
      <SFA>
        <FILEPATH>c:\users\lenovo\source\repos\consoleapplication11_codec\consoleapplication11_codec</FILEPATH>
        <FILENAME>consoleapplication11_codec.cpp</FILENAME>
        <LINE>2844</LINE>
        <COLUMN>43</COLUMN>
      </SFA>
      <SFA>
        <FILEPATH>c:\users\lenovo\source\repos\consoleapplication11_codec\consoleapplication11_codec</FILEPATH>
        <FILENAME>consoleapplication11_codec.cpp</FILENAME>
        <LINE>2844</LINE>
        <COLUMN>35</COLUMN>
      </SFA>
      <SFA>
        <FILEPATH>c:\users\lenovo\source\repos\consoleapplication11_codec\consoleapplication11_codec</FILEPATH>
        <FILENAME>consoleapplication11_codec.cpp</FILENAME>
        <LINE>2844</LINE>
        <COLUMN>21</COLUMN>
      </SFA>
      <SFA>
        <FILEPATH>c:\users\lenovo\source\repos\consoleapplication11_codec\consoleapplication11_codec</FILEPATH>
        <FILENAME>consoleapplication11_codec.cpp</FILENAME>
        <LINE>2845</LINE>
        <COLUMN>6</COLUMN>
      </SFA>
      <SFA>
        <FILEPATH>c:\users\lenovo\source\repos\consoleapplication11_codec\consoleapplication11_codec</FILEPATH>
        <FILENAME>consoleapplication11_codec.cpp</FILENAME>
        <LINE>2846</LINE>
        <COLUMN>9</COLUMN>
      </SFA>
      <SFA>
        <FILEPATH>c:\users\lenovo\source\repos\consoleapplication11_codec\consoleapplication11_codec</FILEPATH>
        <FILENAME>consoleapplication11_codec.cpp</FILENAME>
        <LINE>2846</LINE>
        <COLUMN>16</COLUMN>
        <KEYEVENT>
          <ID>8</ID>
          <KIND>verzweigen</KIND>
          <IMPORTANCE>Full</IMPORTANCE>
          <MESSAGE>In diese Schleife eintreten (Annahme: "i&lt;vq_nr")</MESSAGE>
        </KEYEVENT>
      </SFA>
      <SFA>
        <FILEPATH>c:\users\lenovo\source\repos\consoleapplication11_codec\consoleapplication11_codec</FILEPATH>
        <FILENAME>consoleapplication11_codec.cpp</FILENAME>
        <LINE>2848</LINE>
        <COLUMN>17</COLUMN>
        <KEYEVENT>
          <ID>9</ID>
          <KIND>verzweigen</KIND>
          <IMPORTANCE>Full</IMPORTANCE>
          <MESSAGE>In diese Verzweigung eintreten (Annahme: "((!unused))&amp;&amp;((v[i].usage&lt;8))")</MESSAGE>
        </KEYEVENT>
      </SFA>
      <SFA>
        <FILEPATH>c:\users\lenovo\source\repos\consoleapplication11_codec\consoleapplication11_codec</FILEPATH>
        <FILENAME>consoleapplication11_codec.cpp</FILENAME>
        <LINE>2850</LINE>
        <COLUMN>7</COLUMN>
      </SFA>
      <SFA>
        <FILEPATH>c:\users\lenovo\source\repos\consoleapplication11_codec\consoleapplication11_codec</FILEPATH>
        <FILENAME>consoleapplication11_codec.cpp</FILENAME>
        <LINE>2851</LINE>
        <COLUMN>12</COLUMN>
        <KEYEVENT>
          <ID>10</ID>
          <KIND>verzweigen</KIND>
          <IMPORTANCE>Full</IMPORTANCE>
          <MESSAGE>In diese Verzweigung eintreten (Annahme: "ccc&gt;0")</MESSAGE>
        </KEYEVENT>
      </SFA>
      <SFA>
        <FILEPATH>c:\users\lenovo\source\repos\consoleapplication11_codec\consoleapplication11_codec</FILEPATH>
        <FILENAME>consoleapplication11_codec.cpp</FILENAME>
        <LINE>2852</LINE>
        <COLUMN>7</COLUMN>
      </SFA>
      <SFA>
        <FILEPATH>c:\users\lenovo\source\repos\consoleapplication11_codec\consoleapplication11_codec</FILEPATH>
        <FILENAME>consoleapplication11_codec.cpp</FILENAME>
        <LINE>2853</LINE>
        <COLUMN>10</COLUMN>
      </SFA>
      <SFA>
        <FILEPATH>c:\users\lenovo\source\repos\consoleapplication11_codec\consoleapplication11_codec</FILEPATH>
        <FILENAME>consoleapplication11_codec.cpp</FILENAME>
        <LINE>2854</LINE>
        <COLUMN>22</COLUMN>
      </SFA>
      <SFA>
        <FILEPATH>c:\users\lenovo\source\repos\consoleapplication11_codec\consoleapplication11_codec</FILEPATH>
        <FILENAME>consoleapplication11_codec.cpp</FILENAME>
        <LINE>2855</LINE>
        <COLUMN>14</COLUMN>
      </SFA>
      <SFA>
        <FILEPATH>c:\users\lenovo\source\repos\consoleapplication11_codec\consoleapplication11_codec</FILEPATH>
        <FILENAME>consoleapplication11_codec.cpp</FILENAME>
        <LINE>2856</LINE>
        <COLUMN>9</COLUMN>
      </SFA>
      <SFA>
        <FILEPATH>c:\users\lenovo\source\repos\consoleapplication11_codec\consoleapplication11_codec</FILEPATH>
        <FILENAME>consoleapplication11_codec.cpp</FILENAME>
        <LINE>2858</LINE>
        <COLUMN>18</COLUMN>
      </SFA>
      <SFA>
        <FILEPATH>c:\users\lenovo\source\repos\consoleapplication11_codec\consoleapplication11_codec</FILEPATH>
        <FILENAME>consoleapplication11_codec.cpp</FILENAME>
        <LINE>2846</LINE>
        <COLUMN>26</COLUMN>
      </SFA>
      <SFA>
        <FILEPATH>c:\users\lenovo\source\repos\consoleapplication11_codec\consoleapplication11_codec</FILEPATH>
        <FILENAME>consoleapplication11_codec.cpp</FILENAME>
        <LINE>2846</LINE>
        <COLUMN>16</COLUMN>
        <KEYEVENT>
          <ID>11</ID>
          <KIND>verzweigen</KIND>
          <IMPORTANCE>Full</IMPORTANCE>
          <MESSAGE>Diese Schleife beenden ("i&lt;vq_nr" ist false)</MESSAGE>
        </KEYEVENT>
      </SFA>
      <SFA>
        <FILEPATH>c:\users\lenovo\source\repos\consoleapplication11_codec\consoleapplication11_codec</FILEPATH>
        <FILENAME>consoleapplication11_codec.cpp</FILENAME>
        <LINE>2865</LINE>
        <COLUMN>9</COLUMN>
      </SFA>
      <SFA>
        <FILEPATH>c:\users\lenovo\source\repos\consoleapplication11_codec\consoleapplication11_codec</FILEPATH>
        <FILENAME>consoleapplication11_codec.cpp</FILENAME>
        <LINE>2866</LINE>
        <COLUMN>16</COLUMN>
        <KEYEVENT>
          <ID>12</ID>
          <KIND>Verwendung</KIND>
          <IMPORTANCE>Full</IMPORTANCE>
          <MESSAGE>"hwndGoto" ist eine Eingabe für "SetDlgItemTextA" (in c:\program files (x86)\windows kits\10\include\10.0.17763.0\um\winuser.h:5029 deklariert)</MESSAGE>
        </KEYEVENT>
      </SFA>
      <SFA>
        <FILEPATH>c:\users\lenovo\source\repos\consoleapplication11_codec\consoleapplication11_codec</FILEPATH>
        <FILENAME>consoleapplication11_codec.cpp</FILENAME>
        <LINE>2866</LINE>
        <COLUMN>16</COLUMN>
        <KEYEVENT>
          <ID>13</ID>
          <KIND>Verwendung</KIND>
          <IMPORTANCE>Essential</IMPORTANCE>
          <MESSAGE>"hwndGoto" sollte nicht NULL sein, da dies nicht der SAL-Anmerkung zu "SetDlgItemTextA" entspricht.</MESSAGE>
        </KEYEVENT>
      </SFA>
    </PATH>
  </DEFECT><DEFECT>
    <SFA>
      <FILEPATH>c:\users\lenovo\source\repos\consoleapplication11_codec\consoleapplication11_codec</FILEPATH>
      <FILENAME>consoleapplication11_codec.cpp</FILENAME>
      <LINE>2795</LINE>
      <COLUMN>40</COLUMN>
    </SFA>
    <DEFECTCODE>26451</DEFECTCODE>
    <DESCRIPTION>Arithmetic overflow: Using operator '*' on a 4 byte value and then casting the result to a 8 byte value. Cast the value to the wider type before calling operator '*' to avoid overflow (io.2).</DESCRIPTION>
    <FUNCTION>Compress_Chunk</FUNCTION>
    <DECORATED>?Compress_Chunk@@YAXPEAEHH@Z</DECORATED>
    <FUNCLINE>2763</FUNCLINE>
    <PATH></PATH>
  </DEFECT><DEFECT>
    <SFA>
      <FILEPATH>c:\users\lenovo\source\repos\consoleapplication11_codec\consoleapplication11_codec</FILEPATH>
      <FILENAME>consoleapplication11_codec.cpp</FILENAME>
      <LINE>2795</LINE>
      <COLUMN>35</COLUMN>
    </SFA>
    <DEFECTCODE>26451</DEFECTCODE>
    <DESCRIPTION>Arithmetic overflow: Using operator '*' on a 4 byte value and then casting the result to a 8 byte value. Cast the value to the wider type before calling operator '*' to avoid overflow (io.2).</DESCRIPTION>
    <FUNCTION>Compress_Chunk</FUNCTION>
    <DECORATED>?Compress_Chunk@@YAXPEAEHH@Z</DECORATED>
    <FUNCLINE>2763</FUNCLINE>
    <PATH></PATH>
  </DEFECT><DEFECT>
    <SFA>
      <FILEPATH>c:\users\lenovo\source\repos\consoleapplication11_codec\consoleapplication11_codec</FILEPATH>
      <FILENAME>consoleapplication11_codec.cpp</FILENAME>
      <LINE>2919</LINE>
      <COLUMN>36</COLUMN>
    </SFA>
    <DEFECTCODE>26451</DEFECTCODE>
    <DESCRIPTION>Arithmetic overflow: Using operator '*' on a 4 byte value and then casting the result to a 8 byte value. Cast the value to the wider type before calling operator '*' to avoid overflow (io.2).</DESCRIPTION>
    <FUNCTION>main_encoder</FUNCTION>
    <DECORATED>?main_encoder@@YAHPEAD@Z</DECORATED>
    <FUNCLINE>2890</FUNCLINE>
    <PATH></PATH>
  </DEFECT></DEFECTS>